File,SCR_Peaks_N,SCR_Peaks_Amplitude_Mean,EDA_Tonic_SD,EDA_Sympathetic,EDA_SympatheticN,EDA_Autocorrelation,LA_RA_HR,LL_LA_HR,LL_RA_HR,Vx_RL_HR,LA_RA_HRV_MeanNN,LL_LA_HRV_MeanNN,LL_RA_HRV_MeanNN,Vx_RL_HRV_MeanNN,LA_RA_HRV_SDNN,LL_LA_HRV_SDNN,LL_RA_HRV_SDNN,Vx_RL_HRV_SDNN,LA_RA_HRV_SDANN1,LL_LA_HRV_SDANN1,LL_RA_HRV_SDANN1,Vx_RL_HRV_SDANN1,LA_RA_HRV_SDNNI1,LL_LA_HRV_SDNNI1,LL_RA_HRV_SDNNI1,Vx_RL_HRV_SDNNI1,LA_RA_HRV_SDANN2,LL_LA_HRV_SDANN2,LL_RA_HRV_SDANN2,Vx_RL_HRV_SDANN2,LA_RA_HRV_SDNNI2,LL_LA_HRV_SDNNI2,LL_RA_HRV_SDNNI2,Vx_RL_HRV_SDNNI2,LA_RA_HRV_SDANN5,LL_LA_HRV_SDANN5,LL_RA_HRV_SDANN5,Vx_RL_HRV_SDANN5,LA_RA_HRV_SDNNI5,LL_LA_HRV_SDNNI5,LL_RA_HRV_SDNNI5,Vx_RL_HRV_SDNNI5,LA_RA_HRV_RMSSD,LL_LA_HRV_RMSSD,LL_RA_HRV_RMSSD,Vx_RL_HRV_RMSSD,LA_RA_HRV_SDSD,LL_LA_HRV_SDSD,LL_RA_HRV_SDSD,Vx_RL_HRV_SDSD,LA_RA_HRV_CVNN,LL_LA_HRV_CVNN,LL_RA_HRV_CVNN,Vx_RL_HRV_CVNN,LA_RA_HRV_CVSD,LL_LA_HRV_CVSD,LL_RA_HRV_CVSD,Vx_RL_HRV_CVSD,LA_RA_HRV_MedianNN,LL_LA_HRV_MedianNN,LL_RA_HRV_MedianNN,Vx_RL_HRV_MedianNN,LA_RA_HRV_MadNN,LL_LA_HRV_MadNN,LL_RA_HRV_MadNN,Vx_RL_HRV_MadNN,LA_RA_HRV_MCVNN,LL_LA_HRV_MCVNN,LL_RA_HRV_MCVNN,Vx_RL_HRV_MCVNN,LA_RA_HRV_IQRNN,LL_LA_HRV_IQRNN,LL_RA_HRV_IQRNN,Vx_RL_HRV_IQRNN,LA_RA_HRV_SDRMSSD,LL_LA_HRV_SDRMSSD,LL_RA_HRV_SDRMSSD,Vx_RL_HRV_SDRMSSD,LA_RA_HRV_Prc20NN,LL_LA_HRV_Prc20NN,LL_RA_HRV_Prc20NN,Vx_RL_HRV_Prc20NN,LA_RA_HRV_Prc80NN,LL_LA_HRV_Prc80NN,LL_RA_HRV_Prc80NN,Vx_RL_HRV_Prc80NN,LA_RA_HRV_pNN50,LL_LA_HRV_pNN50,LL_RA_HRV_pNN50,Vx_RL_HRV_pNN50,LA_RA_HRV_pNN20,LL_LA_HRV_pNN20,LL_RA_HRV_pNN20,Vx_RL_HRV_pNN20,LA_RA_HRV_MinNN,LL_LA_HRV_MinNN,LL_RA_HRV_MinNN,Vx_RL_HRV_MinNN,LA_RA_HRV_MaxNN,LL_LA_HRV_MaxNN,LL_RA_HRV_MaxNN,Vx_RL_HRV_MaxNN,LA_RA_HRV_HTI,LL_LA_HRV_HTI,LL_RA_HRV_HTI,Vx_RL_HRV_HTI,LA_RA_HRV_TINN,LL_LA_HRV_TINN,LL_RA_HRV_TINN,Vx_RL_HRV_TINN,LA_RA_HRV_ULF,LL_LA_HRV_ULF,LL_RA_HRV_ULF,Vx_RL_HRV_ULF,LA_RA_HRV_VLF,LL_LA_HRV_VLF,LL_RA_HRV_VLF,Vx_RL_HRV_VLF,LA_RA_HRV_LF,LL_LA_HRV_LF,LL_RA_HRV_LF,Vx_RL_HRV_LF,LA_RA_HRV_HF,LL_LA_HRV_HF,LL_RA_HRV_HF,Vx_RL_HRV_HF,LA_RA_HRV_VHF,LL_LA_HRV_VHF,LL_RA_HRV_VHF,Vx_RL_HRV_VHF,LA_RA_HRV_TP,LL_LA_HRV_TP,LL_RA_HRV_TP,Vx_RL_HRV_TP,LA_RA_HRV_LFHF,LL_LA_HRV_LFHF,LL_RA_HRV_LFHF,Vx_RL_HRV_LFHF,LA_RA_HRV_LFn,LL_LA_HRV_LFn,LL_RA_HRV_LFn,Vx_RL_HRV_LFn,LA_RA_HRV_HFn,LL_LA_HRV_HFn,LL_RA_HRV_HFn,Vx_RL_HRV_HFn,LA_RA_HRV_LnHF,LL_LA_HRV_LnHF,LL_RA_HRV_LnHF,Vx_RL_HRV_LnHF,LA_RA_HRV_SD1,LL_LA_HRV_SD1,LL_RA_HRV_SD1,Vx_RL_HRV_SD1,LA_RA_HRV_SD2,LL_LA_HRV_SD2,LL_RA_HRV_SD2,Vx_RL_HRV_SD2,LA_RA_HRV_SD1SD2,LL_LA_HRV_SD1SD2,LL_RA_HRV_SD1SD2,Vx_RL_HRV_SD1SD2,LA_RA_HRV_S,LL_LA_HRV_S,LL_RA_HRV_S,Vx_RL_HRV_S,LA_RA_HRV_CSI,LL_LA_HRV_CSI,LL_RA_HRV_CSI,Vx_RL_HRV_CSI,LA_RA_HRV_CVI,LL_LA_HRV_CVI,LL_RA_HRV_CVI,Vx_RL_HRV_CVI,LA_RA_HRV_CSI_Modified,LL_LA_HRV_CSI_Modified,LL_RA_HRV_CSI_Modified,Vx_RL_HRV_CSI_Modified,LA_RA_HRV_PIP,LL_LA_HRV_PIP,LL_RA_HRV_PIP,Vx_RL_HRV_PIP,LA_RA_HRV_IALS,LL_LA_HRV_IALS,LL_RA_HRV_IALS,Vx_RL_HRV_IALS,LA_RA_HRV_PSS,LL_LA_HRV_PSS,LL_RA_HRV_PSS,Vx_RL_HRV_PSS,LA_RA_HRV_PAS,LL_LA_HRV_PAS,LL_RA_HRV_PAS,Vx_RL_HRV_PAS,LA_RA_HRV_GI,LL_LA_HRV_GI,LL_RA_HRV_GI,Vx_RL_HRV_GI,LA_RA_HRV_SI,LL_LA_HRV_SI,LL_RA_HRV_SI,Vx_RL_HRV_SI,LA_RA_HRV_AI,LL_LA_HRV_AI,LL_RA_HRV_AI,Vx_RL_HRV_AI,LA_RA_HRV_PI,LL_LA_HRV_PI,LL_RA_HRV_PI,Vx_RL_HRV_PI,LA_RA_HRV_C1d,LL_LA_HRV_C1d,LL_RA_HRV_C1d,Vx_RL_HRV_C1d,LA_RA_HRV_C1a,LL_LA_HRV_C1a,LL_RA_HRV_C1a,Vx_RL_HRV_C1a,LA_RA_HRV_SD1d,LL_LA_HRV_SD1d,LL_RA_HRV_SD1d,Vx_RL_HRV_SD1d,LA_RA_HRV_SD1a,LL_LA_HRV_SD1a,LL_RA_HRV_SD1a,Vx_RL_HRV_SD1a,LA_RA_HRV_C2d,LL_LA_HRV_C2d,LL_RA_HRV_C2d,Vx_RL_HRV_C2d,LA_RA_HRV_C2a,LL_LA_HRV_C2a,LL_RA_HRV_C2a,Vx_RL_HRV_C2a,LA_RA_HRV_SD2d,LL_LA_HRV_SD2d,LL_RA_HRV_SD2d,Vx_RL_HRV_SD2d,LA_RA_HRV_SD2a,LL_LA_HRV_SD2a,LL_RA_HRV_SD2a,Vx_RL_HRV_SD2a,LA_RA_HRV_Cd,LL_LA_HRV_Cd,LL_RA_HRV_Cd,Vx_RL_HRV_Cd,LA_RA_HRV_Ca,LL_LA_HRV_Ca,LL_RA_HRV_Ca,Vx_RL_HRV_Ca,LA_RA_HRV_SDNNd,LL_LA_HRV_SDNNd,LL_RA_HRV_SDNNd,Vx_RL_HRV_SDNNd,LA_RA_HRV_SDNNa,LL_LA_HRV_SDNNa,LL_RA_HRV_SDNNa,Vx_RL_HRV_SDNNa,LA_RA_HRV_DFA_alpha1,LL_LA_HRV_DFA_alpha1,LL_RA_HRV_DFA_alpha1,Vx_RL_HRV_DFA_alpha1,LA_RA_HRV_MFDFA_alpha1_Width,LL_LA_HRV_MFDFA_alpha1_Width,LL_RA_HRV_MFDFA_alpha1_Width,Vx_RL_HRV_MFDFA_alpha1_Width,LA_RA_HRV_MFDFA_alpha1_Peak,LL_LA_HRV_MFDFA_alpha1_Peak,LL_RA_HRV_MFDFA_alpha1_Peak,Vx_RL_HRV_MFDFA_alpha1_Peak,LA_RA_HRV_MFDFA_alpha1_Mean,LL_LA_HRV_MFDFA_alpha1_Mean,LL_RA_HRV_MFDFA_alpha1_Mean,Vx_RL_HRV_MFDFA_alpha1_Mean,LA_RA_HRV_MFDFA_alpha1_Max,LL_LA_HRV_MFDFA_alpha1_Max,LL_RA_HRV_MFDFA_alpha1_Max,Vx_RL_HRV_MFDFA_alpha1_Max,LA_RA_HRV_MFDFA_alpha1_Delta,LL_LA_HRV_MFDFA_alpha1_Delta,LL_RA_HRV_MFDFA_alpha1_Delta,Vx_RL_HRV_MFDFA_alpha1_Delta,LA_RA_HRV_MFDFA_alpha1_Asymmetry,LL_LA_HRV_MFDFA_alpha1_Asymmetry,LL_RA_HRV_MFDFA_alpha1_Asymmetry,Vx_RL_HRV_MFDFA_alpha1_Asymmetry,LA_RA_HRV_MFDFA_alpha1_Fluctuation,LL_LA_HRV_MFDFA_alpha1_Fluctuation,LL_RA_HRV_MFDFA_alpha1_Fluctuation,Vx_RL_HRV_MFDFA_alpha1_Fluctuation,LA_RA_HRV_MFDFA_alpha1_Increment,LL_LA_HRV_MFDFA_alpha1_Increment,LL_RA_HRV_MFDFA_alpha1_Increment,Vx_RL_HRV_MFDFA_alpha1_Increment,LA_RA_HRV_ApEn,LL_LA_HRV_ApEn,LL_RA_HRV_ApEn,Vx_RL_HRV_ApEn,LA_RA_HRV_SampEn,LL_LA_HRV_SampEn,LL_RA_HRV_SampEn,Vx_RL_HRV_SampEn,LA_RA_HRV_ShanEn,LL_LA_HRV_ShanEn,LL_RA_HRV_ShanEn,Vx_RL_HRV_ShanEn,LA_RA_HRV_FuzzyEn,LL_LA_HRV_FuzzyEn,LL_RA_HRV_FuzzyEn,Vx_RL_HRV_FuzzyEn,LA_RA_HRV_MSEn,LL_LA_HRV_MSEn,LL_RA_HRV_MSEn,Vx_RL_HRV_MSEn,LA_RA_HRV_CMSEn,LL_LA_HRV_CMSEn,LL_RA_HRV_CMSEn,Vx_RL_HRV_CMSEn,LA_RA_HRV_RCMSEn,LL_LA_HRV_RCMSEn,LL_RA_HRV_RCMSEn,Vx_RL_HRV_RCMSEn,LA_RA_HRV_CD,LL_LA_HRV_CD,LL_RA_HRV_CD,Vx_RL_HRV_CD,LA_RA_HRV_HFD,LL_LA_HRV_HFD,LL_RA_HRV_HFD,Vx_RL_HRV_HFD,LA_RA_HRV_KFD,LL_LA_HRV_KFD,LL_RA_HRV_KFD,Vx_RL_HRV_KFD,LA_RA_HRV_LZC,LL_LA_HRV_LZC,LL_RA_HRV_LZC,Vx_RL_HRV_LZC,LA_RA_HRV_DFA_alpha2,LL_LA_HRV_DFA_alpha2,LL_RA_HRV_DFA_alpha2,Vx_RL_HRV_DFA_alpha2,LA_RA_HRV_MFDFA_alpha2_Width,LL_LA_HRV_MFDFA_alpha2_Width,LL_RA_HRV_MFDFA_alpha2_Width,Vx_RL_HRV_MFDFA_alpha2_Width,LA_RA_HRV_MFDFA_alpha2_Peak,LL_LA_HRV_MFDFA_alpha2_Peak,LL_RA_HRV_MFDFA_alpha2_Peak,Vx_RL_HRV_MFDFA_alpha2_Peak,LA_RA_HRV_MFDFA_alpha2_Mean,LL_LA_HRV_MFDFA_alpha2_Mean,LL_RA_HRV_MFDFA_alpha2_Mean,Vx_RL_HRV_MFDFA_alpha2_Mean,LA_RA_HRV_MFDFA_alpha2_Max,LL_LA_HRV_MFDFA_alpha2_Max,LL_RA_HRV_MFDFA_alpha2_Max,Vx_RL_HRV_MFDFA_alpha2_Max,LA_RA_HRV_MFDFA_alpha2_Delta,LL_LA_HRV_MFDFA_alpha2_Delta,LL_RA_HRV_MFDFA_alpha2_Delta,Vx_RL_HRV_MFDFA_alpha2_Delta,LA_RA_HRV_MFDFA_alpha2_Asymmetry,LL_LA_HRV_MFDFA_alpha2_Asymmetry,LL_RA_HRV_MFDFA_alpha2_Asymmetry,Vx_RL_HRV_MFDFA_alpha2_Asymmetry,LA_RA_HRV_MFDFA_alpha2_Fluctuation,LL_LA_HRV_MFDFA_alpha2_Fluctuation,LL_RA_HRV_MFDFA_alpha2_Fluctuation,Vx_RL_HRV_MFDFA_alpha2_Fluctuation,LA_RA_HRV_MFDFA_alpha2_Increment,LL_LA_HRV_MFDFA_alpha2_Increment,LL_RA_HRV_MFDFA_alpha2_Increment,Vx_RL_HRV_MFDFA_alpha2_Increment,ppg_HR,ppg_HRV_MeanNN,ppg_HRV_SDNN,ppg_HRV_SDANN1,ppg_HRV_SDNNI1,ppg_HRV_SDANN2,ppg_HRV_SDNNI2,ppg_HRV_SDANN5,ppg_HRV_SDNNI5,ppg_HRV_RMSSD,ppg_HRV_SDSD,ppg_HRV_CVNN,ppg_HRV_CVSD,ppg_HRV_MedianNN,ppg_HRV_MadNN,ppg_HRV_MCVNN,ppg_HRV_IQRNN,ppg_HRV_SDRMSSD,ppg_HRV_Prc20NN,ppg_HRV_Prc80NN,ppg_HRV_pNN50,ppg_HRV_pNN20,ppg_HRV_MinNN,ppg_HRV_MaxNN,ppg_HRV_HTI,ppg_HRV_TINN,ppg_HRV_ULF,ppg_HRV_VLF,ppg_HRV_LF,ppg_HRV_HF,ppg_HRV_VHF,ppg_HRV_TP,ppg_HRV_LFHF,ppg_HRV_LFn,ppg_HRV_HFn,ppg_HRV_LnHF,ppg_HRV_SD1,ppg_HRV_SD2,ppg_HRV_SD1SD2,ppg_HRV_S,ppg_HRV_CSI,ppg_HRV_CVI,ppg_HRV_CSI_Modified,ppg_HRV_PIP,ppg_HRV_IALS,ppg_HRV_PSS,ppg_HRV_PAS,ppg_HRV_GI,ppg_HRV_SI,ppg_HRV_AI,ppg_HRV_PI,ppg_HRV_C1d,ppg_HRV_C1a,ppg_HRV_SD1d,ppg_HRV_SD1a,ppg_HRV_C2d,ppg_HRV_C2a,ppg_HRV_SD2d,ppg_HRV_SD2a,ppg_HRV_Cd,ppg_HRV_Ca,ppg_HRV_SDNNd,ppg_HRV_SDNNa,ppg_HRV_DFA_alpha1,ppg_HRV_MFDFA_alpha1_Width,ppg_HRV_MFDFA_alpha1_Peak,ppg_HRV_MFDFA_alpha1_Mean,ppg_HRV_MFDFA_alpha1_Max,ppg_HRV_MFDFA_alpha1_Delta,ppg_HRV_MFDFA_alpha1_Asymmetry,ppg_HRV_MFDFA_alpha1_Fluctuation,ppg_HRV_MFDFA_alpha1_Increment,ppg_HRV_ApEn,ppg_HRV_SampEn,ppg_HRV_ShanEn,ppg_HRV_FuzzyEn,ppg_HRV_MSEn,ppg_HRV_CMSEn,ppg_HRV_RCMSEn,ppg_HRV_CD,ppg_HRV_HFD,ppg_HRV_KFD,ppg_HRV_LZC,LA-RA_PTT_avg,LA-RA_PTT_std,LL-LA_PTT_avg,LL-LA_PTT_std,LL-RA_PTT_avg,LL-RA_PTT_std,Vx-RL_PTT_avg,Vx-RL_PTT_std,LA_RA_rr,LL_LA_rr,LL_RA_rr,Vx_RL_rr,ppg_rr,LA_RA_si,LL_LA_si,LL_RA_si,Vx_RL_si,ppg_si
low1.csv,36.0,0.0205255163767227,0.9925418492524232,,,,17.482702783086065,0.0,0.0,0.0,4077.044547872341,,,,3579.9240787978333,,,,799.7404550197683,,,,3463.6748408831068,,,,544.1026069427206,,,,3438.055280070177,,,,,,,,,,,,5112.879609591423,,,,5140.591272707693,,,,0.8780684235265627,,,,1.2540651811763124,,,,3066.40625,,,,3098.40234375,,,,1.0104343949044583,,,,4453.125,,,,0.7001776595877856,,,,964.84375,,,,6519.53125,,,,97.87234042553192,,,,97.87234042553192,,,,410.15625,,,,14628.90625,,,,47.0,,,,117.1875,,,,,,,,0.0114779746448194,,,,0.0261345391948506,,,,0.0002916848591202,,,,6.307315255737491e-06,,,,0.037910506014046,,,,89.598545751312,,,,0.6893745808923685,,,,0.007694037610898,,,,-8.139836588093386,,,,3634.946948239994,,,,3546.405185490443,,,,1.0249666234168069,,,,40498254.266528726,,,,0.9756415254444298,,,,8.314406412713398,,,,13840.080660063728,,,,0.648936170212766,,,,0.6666666666666666,,,,0.8548387096774194,,,,0.238095238095238,,,,50.0344867226118,,,,51.709242668964585,,,,48.67310270622946,,,,47.31182795698925,,,,0.4601711744337336,,,,0.5398288255662665,,,,2465.799923573153,,,,2670.7065101859853,,,,0.6034818789446645,,,,0.3965181210553353,,,,2754.992812978998,,,,2233.160168932709,,,,0.5300598515529502,,,,0.46994014844705,,,,2614.3980820314355,,,,2461.673983660039,,,,0.7655310997527581,,,,2.723102827447864,,,,1.2385043343362316,,,,1.8914913346049904,,,,-1.2172548770049971,,,,-1.7302291658072302,,,,-0.2602047951745001,,,,0.0080456571069001,,,,0.7474393962886008,,,,0.6862933646947229,,,,1.6661332561106457,,,,6.320546298486147,,,,1.4739030083352878,,,,1.2323980673374708,,,,1.2235739968139416,,,,1.5090736695705194,,,,1.5296994915115447,,,,1.9956316004363088,,,,3.5695981917941983,,,,1.1156746981578958,,,,,,,,,,,,,,,,,,,,,,,,,,,,,,,,,,,,,,,,70.14310355512075,856.1954941860465,37.62472876339856,,,,,,,40.88032175564715,41.36514947579553,0.0439440863901847,0.0477464808367282,859.375,28.95703125,0.0336954545454545,39.0625,0.920362833450574,820.3125,898.4375,25.58139534883721,53.48837209302325,781.25,937.5,4.3,54.6875,,,0.0132885375073037,0.1163612100261768,0.0068199853673189,0.1364697329007995,0.1142007504417864,0.0973735144404746,0.8526521416346606,-2.15105604642178,29.24957769913017,44.287709962986426,0.6604445730785264,4069.6091133372993,1.514131602806131,4.31652280712973,268.2296850834787,0.6511627906976745,0.6486486486486486,0.9166666666666666,0.1818181818181818,48.64864864864865,48.60129323310724,48.69481054845618,45.94594594594595,0.4239130434782608,0.5760869565217391,19.048922468685408,22.206291960378557,0.5363435412565748,0.4636564587434252,32.43431661480986,30.156530959244552,0.5021847550153886,0.4978152449846112,26.597427897145607,26.481462970589902,0.8817069791544526,0.3801140781281313,0.8861809586681387,1.0534495386823983,0.1461278971170081,-0.7717833389628099,-0.059951631262982,3.783305895778316e-05,0.0081067011127141,0.3944879829019614,1.8458266904983307,2.9054146886879746,1.6123759042577637,0.0,0.0,0.0,0.8345927606462413,1.9341672173280269,3.5834300540966364,1.1357298323795089,402.8316363636364,7.427090633408175,390.40254545454553,7.624034470775311,393.82056818181815,6.663738421138036,423.4281363636364,8.229596376910557,16.75287643821911,16.75287643821911,16.75287643821911,16.75287643821911,16.75287643821911,5.711857719396292,5.596291317658364,5.674382878435334,5.461580606935962,9.41329163957099
low2.csv,20.0,0.0833522482225444,0.9076912452703848,,,,15.287746034948478,0.0,0.0,0.0,4809.229651162791,,,,4053.995528678832,,,,1078.755150190483,,,,4162.897980171536,,,,829.1223772973186,,,,3796.2096477756654,,,,,,,,,,,,5811.514474706001,,,,5845.756396488825,,,,0.842961518316898,,,,1.2084086010117805,,,,3945.3125,,,,3503.80078125,,,,0.8880920792079208,,,,4858.3984375,,,,0.6975798729097925,,,,1191.40625,,,,7421.875,,,,97.67441860465117,,,,97.67441860465117,,,,410.15625,,,,18164.0625,,,,28.666666666666668,,,,1898.4375,,,,,,,,0.0131820150252529,,,,0.0239101164728896,,,,0.0004555967663308,,,,2.518335945626252e-06,,,,0.0375502466004191,,,,52.48087396548432,,,,0.6367499187774394,,,,0.0121329899954832,,,,-7.693902424022197,,,,4133.573989121884,,,,3976.294543972521,,,,1.0395542743149586,,,,51636183.52262495,,,,0.961950736683735,,,,8.419924245641466,,,,15299.997863383533,,,,0.627906976744186,,,,0.6470588235294118,,,,0.8727272727272727,,,,0.1739130434782608,,,,49.374026113588734,,,,48.04997052873275,,,,51.23392781956622,,,,51.76470588235295,,,,0.5512051830985617,,,,0.4487948169014385,,,,3069.027586417123,,,,2769.287606976889,,,,0.4274706997831252,,,,0.5725293002168748,,,,2599.7508169239545,,,,3008.689746439282,,,,0.4917393162778135,,,,0.5082606837221865,,,,2844.084618667848,,,,2891.4674337163697,,,,0.6173196516817782,,,,2.0507935097103,,,,0.991701857867128,,,,1.284328085301082,,,,-0.8747011589943021,,,,-1.0887764558536013,,,,-0.3573107306764926,,,,0.0012545530907904,,,,0.2836750593618998,,,,0.6491041872861594,,,,1.957744606702316,,,,6.152895277907598,,,,1.4049500567017938,,,,1.5635848557697976,,,,1.4102614585839708,,,,1.9207639480447023,,,,1.8631623240178252,,,,1.9937830062229325,,,,5.341436999443425,,,,1.1208601316340867,,,,,,,,,,,,,,,,,,,,,,,,,,,,,,,,,,,,,,,,68.17567331038083,880.1529255319149,31.91283269645184,,,,,,,38.20387866576764,38.616490603664055,0.0362582816811811,0.0434059554397088,878.90625,28.95703125,0.0329466666666666,48.828125,0.8353296526681502,859.375,917.96875,21.27659574468085,46.80851063829788,820.3125,937.5,3.615384615384616,39.0625,,,0.0221307223736157,0.0989845155188593,0.0032051910632688,0.1243204289557439,0.2235776197682075,0.1780135618860674,0.7962047456745522,-2.3127918499811053,27.305982371477448,36.11093873344681,0.756169275272426,3097.7506488870504,1.3224552130073377,4.198016566583581,191.02039669854125,0.574468085106383,0.5641025641025641,0.8181818181818182,0.0714285714285714,48.64864864864865,48.68090936257348,48.616775193727285,43.58974358974359,0.4204545454545454,0.5795454545454547,17.710248058249274,20.792603414936604,0.5543293926807088,0.4456706073192911,26.885785659381646,24.107144702111384,0.5056126197958195,0.4943873802041805,22.76508683057165,22.510961579410267,0.7477183177613907,0.4688029735693177,0.8043128136713702,0.8862529751313772,0.2983801918939317,-0.4593289697261506,-0.3252140748252074,7.941894614321786e-06,0.0092876318523335,0.502274360585198,1.4759065198095775,2.5780746755573176,1.6917612045355397,0.0,0.6436297021194217,0.6436297021194217,0.6737518364404167,2.04417746820541,3.376184657492615,1.181827415250561,404.4626595744681,8.507091162925388,392.6607872340426,8.470072510770457,395.9436808510639,8.322543619735448,424.5341489361703,9.021922762888194,14.402701350675338,14.402701350675338,14.402701350675338,14.402701350675338,14.402701350675338,5.570454219534478,5.475131113101496,5.519108776313025,5.484276250782464,11.718600444994538
low3.csv,31.0,0.0555894670885641,0.9648274820339442,,,,16.31213128901622,0.0,0.0,0.0,4672.154017857143,,,,4686.170344552094,,,,2230.172035285715,,,,5252.062713981558,,,,806.3975711774885,,,,4122.1443295097615,,,,,,,,,,,,6586.216384344872,,,,6626.180850703475,,,,1.0029999710286477,,,,1.4096745011341905,,,,2792.96875,,,,2910.181640625,,,,1.041967132867133,,,,5034.1796875,,,,0.7115117498554864,,,,1250.0000000000002,,,,7464.84375,,,,97.61904761904762,,,,98.8095238095238,,,,332.03125,,,,27050.78125,,,,28.0,,,,156.25,,,,,,,,0.010503734775745,,,,0.0160723152946921,,,,0.0002120614553373,,,,1.4501757057933645e-06,,,,0.0267895617014802,,,,75.79083746797178,,,,0.5999469298448454,,,,0.0079158239951943,,,,-8.458634441633825,,,,4685.417412900873,,,,4733.466588135291,,,,0.9898490515693392,,,,69675079.97105673,,,,1.0102550468827214,,,,8.550047585818158,,,,19128.034039657658,,,,0.7023809523809523,,,,0.7228915662650602,,,,0.95,,,,0.238095238095238,,,,49.66185059944665,,,,47.325889862122864,,,,50.58329547382348,,,,56.62650602409639,,,,0.5169601931212016,,,,0.4830398068787985,,,,3368.84995653181,,,,3256.45122835826,,,,0.3705534167193008,,,,0.629446583280699,,,,2881.4077966235445,,,,3755.4220868698894,,,,0.4430107638256059,,,,0.556989236174394,,,,3134.618072434609,,,,3514.802245733479,,,,0.4733150834570217,,,,2.485079712483884,,,,0.9374742339723204,,,,1.1146434791857216,,,,-0.5989079075055326,,,,-0.1916168350636384,,,,-0.4287068159933118,,,,0.0025943704823476,,,,0.4365851276021905,,,,0.7032698062846348,,,,1.51787071890861,,,,6.136248672727247,,,,1.3598800216942215,,,,1.1487905568143577,,,,1.257273218492138,,,,1.3772739060396415,,,,1.4002274751394144,,,,1.9789073790449103,,,,2.773329870679088,,,,1.2175842710054785,,,,,,,,,,,,,,,,,,,,,,,,,,,,,,,,,,,,,,,,70.10779950511771,855.9027777777778,29.821559025872304,,,,,,,39.0625,39.51410459834946,0.0348422271783011,0.0456389452332657,859.375,28.95703125,0.0336954545454545,39.0625,0.763431911062331,839.84375,878.90625,17.77777777777778,53.333333333333336,781.25,898.4375,2.8125,93.75,,,0.0123825567117259,0.1007186122188134,0.0046847802184225,0.1177859491489619,0.1229420902347674,0.105127621768076,0.8550987018955571,-2.295424667946874,27.940691314007445,32.22978438832254,0.8669214468630104,2829.0747343963385,1.153507049131775,4.158614530132545,148.70913393570913,0.6444444444444445,0.6388888888888888,0.9130434782608696,0.25,50.0,49.99355097662749,50.00606286247936,52.77777777777778,0.5454545454545454,0.4545454545454545,20.63556811700681,18.83761024103172,0.4497459062676455,0.5502540937323545,21.61429176774544,23.90776846751973,0.4908123791102515,0.5091876208897484,21.13059724821871,21.52251092100494,0.73015183376328,0.6223415443493572,0.7997219765510857,0.992299045448207,-0.0245063044082094,-0.9200156376846352,-0.1905604797789035,6.930000416195053e-05,0.0225119205829888,0.655325834285367,1.838279484862948,2.3689792071523232,1.7918267384512452,0.0,0.9075097385227506,1.1527170517756822,0.4885499845293657,2.0520545006955198,4.23373679967071,1.220411799184372,410.1558043478261,8.847841949163222,398.2672173913044,8.865035235990305,401.3667391304348,8.722768705432287,429.7738666666666,9.371023801769647,15.795397698849424,15.795397698849424,15.751875937968986,15.795397698849424,15.490745372686344,6.2331122903151375,6.410425418852064,5.438168219373355,6.945248142858794,13.137926125559485
low4.csv,16.0,0.1289668057429387,0.9830799146601472,,,,19.803195434588854,0.0,0.0,0.0,4415.172230113636,,,,4108.313621006644,,,,1277.0316900864132,,,,4225.06196194347,,,,600.0659118341609,,,,4103.136718593836,,,,,,,,,,,,5773.252446392099,,,,5805.329142026419,,,,0.930499062524885,,,,1.3075939386952316,,,,2988.28125,,,,2837.7890625,,,,0.9496392156862744,,,,4570.3125,,,,0.7116116364483712,,,,1160.15625,,,,6683.59375,,,,97.72727272727272,,,,98.86363636363636,,,,449.21875,,,,15996.09375,,,,29.33333333333333,,,,0.0,,,,,,,,0.0155298795261846,,,,0.0232482048499319,,,,0.0002016838685248,,,,5.038386584841596e-06,,,,0.0389848066312262,,,,115.27052222854589,,,,0.5963401350132764,,,,0.0051733966627731,,,,-8.508809093768958,,,,4104.987603346762,,,,4065.93044728877,,,,1.0096059577418584,,,,52435047.75265913,,,,0.990485438731618,,,,8.426591777814822,,,,16108.979611740247,,,,0.6931818181818182,,,,0.7126436781609194,,,,0.9516129032258064,,,,0.3181818181818182,,,,48.50781871190036,,,,48.537898721061225,,,,48.62794114637768,,,,49.42528735632184,,,,0.4822699205961125,,,,0.5177300794038874,,,,2851.418998634178,,,,2954.388811441557,,,,0.5150904461265066,,,,0.4849095538734935,,,,2918.1102264194674,,,,2831.328859150061,,,,0.4985193709582322,,,,0.5014806290417678,,,,2884.957330646834,,,,2893.5131205704806,,,,0.7088141443809297,,,,2.2913390388889527,,,,1.0718041991461518,,,,1.57045133190119,,,,-0.761005068510622,,,,-1.074163848617152,,,,-0.282377411508326,,,,0.0061419238219672,,,,0.5054978864738323,,,,0.7807780635610975,,,,1.712978591374941,,,,6.246307897021802,,,,1.4546909848498908,,,,1.3786332371234,,,,1.299668125639181,,,,1.5631808866634855,,,,1.7008565064831638,,,,2.03212505729339,,,,4.6806364615177225,,,,1.1744421124795086,,,,,,,,,,,,,,,,,,,,,,,,,,,,,,,,,,,,,,,,65.87264306517551,911.155523255814,44.06321422102048,,,,,,,44.190063311773066,44.60420607877052,0.0483597070932196,0.0484989249188432,917.96875,57.9140625,0.0630893617021276,68.359375,0.9971294657385388,878.90625,957.03125,32.55813953488372,58.13953488372093,800.78125,996.09375,4.777777777777778,156.25,,,0.0075460468709061,0.0912553581631303,0.0029186323224492,0.1017200373564857,0.082691548450412,0.0741844681442701,0.8971227354480692,-2.3940935686475155,31.53993658774085,51.59009366247437,0.6113564513778424,5111.837091137487,1.6357069558131814,4.415547114825085,337.54510021905145,0.5581395348837209,0.5428571428571428,0.8947368421052632,0.0666666666666666,54.43037974683544,54.64184273285091,54.23090550076765,42.85714285714285,0.5069767441860465,0.4930232558139534,22.518339462268468,22.206291960378557,0.6199884465001615,0.3800115534998386,40.62170188049309,31.802753032327583,0.5891195251203115,0.4108804748796885,32.84203309636611,27.427490799057747,0.6694637260855404,0.4768531556166788,0.8315807462010849,0.84742601688039,-0.23716313476727,-1.23716313476727,-0.4667711736985077,0.0002764702393444,0.0225578996287714,0.374744312431317,1.9459101490553128,2.9807178827004357,1.657485823844383,0.0,0.847774007000849,0.8624968864578969,1.2435876708425897,2.0645596634807006,2.2370446940495405,1.0095376287817857,402.5704418604652,22.06985036492864,389.48895348837215,24.35542361636768,392.3050930232559,24.27638799022235,423.1130731707317,10.910945422786982,13.880440220110057,13.836918459229617,13.836918459229617,13.880440220110057,13.18409204602301,3.646202678757629,3.687581914859546,3.700453095057532,3.753868806857826,7.48245218161891
low5.csv,43.0,0.0739983644204072,0.993742468768182,,,,15.741746193334524,0.0,0.0,0.0,4619.228603603604,,,,4065.240854764205,,,,1594.759962779416,,,,3965.755366043248,,,,800.4329062454068,,,,3639.5685329467497,,,,,,,,,,,,5493.531513909626,,,,5518.189088734977,,,,0.8800692071383485,,,,1.1892746571633088,,,,3789.0625,,,,3185.2734375,,,,0.8406494845360825,,,,4902.34375,,,,0.7400050121622151,,,,1503.90625,,,,7343.75,,,,98.1981981981982,,,,99.09909909909908,,,,371.09375,,,,24628.90625,,,,55.5,,,,0.0,,,,,,,,0.0162282602235197,,,,0.0067522531818504,,,,0.000257813937276,,,,1.717654082142473e-06,,,,0.0232400449967283,,,,26.19041178763244,,,,0.2905438945062717,,,,0.011093521433041,,,,-8.263272406561912,,,,3901.9489245141176,,,,4213.663593050094,,,,0.9260228868175164,,,,51652496.007217504,,,,1.0798869166578833,,,,8.420061422767475,,,,18201.120741329774,,,,0.6396396396396397,,,,0.6545454545454545,,,,0.8472222222222222,,,,0.2142857142857142,,,,50.89239073654884,,,,50.91046238236814,,,,51.77683735931815,,,,50.0,,,,0.5330514703178549,,,,0.4669485296821451,,,,2849.0776692731,,,,2666.577572457065,,,,0.4820049405675766,,,,0.5179950594324233,,,,2925.4023418198085,,,,3032.652636533076,,,,0.505572662313448,,,,0.494427337686552,,,,2887.492201467864,,,,2855.4875208799317,,,,0.7241416741297929,,,,1.0757823366298984,,,,0.8698852465103922,,,,0.9183385314733772,,,,-0.0152908786667653,,,,-0.1508434720668274,,,,-0.4549599548968479,,,,9.153326927504468e-05,,,,0.0531268049652372,,,,0.7969055122116346,,,,1.6863989535702288,,,,6.596217668151912,,,,1.4621997750422095,,,,1.4184851009998845,,,,1.4353909146216075,,,,1.713700287814474,,,,1.7568702434379428,,,,2.0308127452371068,,,,2.792754949567656,,,,1.0405862137653317,,,,,,,,,,,,,,,,,,,,,,,,,,,,,,,,,,,,,,,,65.55999789673037,915.4829545454544,29.847389744466444,,,,,,,38.05485659016966,38.41045201973932,0.0326028896510541,0.0415680667796422,917.96875,28.95703125,0.0315446808510638,39.0625,0.7843253770709683,878.90625,937.5,20.0,41.81818181818181,839.84375,976.5625,3.928571428571429,101.5625,,,0.0202315428916319,0.096418971490048,0.0116584519173663,0.1283089662990463,0.2098294825071865,0.1576783250242919,0.7514593427970332,-2.3390522970388608,27.16029109159819,32.68386747936221,0.8309999148279557,2788.802337814105,1.2033695577538452,4.152387843790868,157.32308461730156,0.6727272727272727,0.6590909090909092,0.9310344827586208,0.2666666666666666,50.60240963855421,50.59658291639699,50.60762148205441,47.72727272727273,0.4780487804878049,0.5219512195121951,18.779764602359823,19.62316227237105,0.5541622475929044,0.4458377524070954,24.33054902251696,21.82337227999855,0.5230697319704294,0.4769302680295706,21.733098884617768,20.752446545398158,0.5719542404879335,1.082405696198093,0.7324817844016196,0.926092237015334,-0.3123002947114939,-0.8686845498541924,-0.3211294958131102,0.0001806303384543,0.0649947033196266,0.6274833610887129,2.079441541679836,2.5746193264402164,1.773842964801458,0.0,1.0641362434617856,1.1774598379653003,0.738418817781628,1.9827646477280656,4.170667498747116,1.2613875738599258,406.6046727272728,7.642793563647323,394.9569272727273,7.538618930316672,398.0465090909091,7.517496052839861,426.9743888888888,7.006084031745303,15.27313656828414,15.229614807403705,15.229614807403705,15.229614807403705,15.27313656828414,4.954941831288088,5.729715319688918,4.9008164395119325,6.348320763547644,9.964786485267494
low6.csv,56.0,0.0716737105970837,0.9593213252235392,,,,16.595266707357958,0.0,0.0,0.0,4416.419719827586,,,,4699.707521252031,,,,1825.4179961939049,,,,4317.796690209551,,,,694.4229334572585,,,,4788.604961412138,,,,,,,,,,,,6242.901295182742,,,,6269.133818739331,,,,1.064144220748001,,,,1.413566121706037,,,,3144.53125,,,,3040.48828125,,,,0.9669130434782608,,,,4287.109375,,,,0.7528082375543088,,,,1171.875,,,,6210.9375,,,,96.55172413793105,,,,98.27586206896552,,,,332.03125,,,,28066.40625,,,,38.66666666666666,,,,296.875,,,,,,,,0.016004145005346,,,,0.0200108757428365,,,,0.0003219057781518,,,,3.104100745466758e-06,,,,0.0363400306270799,,,,62.16376685664871,,,,0.5506565458952819,,,,0.0088581592419441,,,,-8.041251669675226,,,,4432.947035396497,,,,4894.497492823683,,,,0.9057001340579064,,,,68163287.07440948,,,,1.1041181980614176,,,,8.540520635438982,,,,21616.415008770447,,,,0.6637931034482759,,,,0.6754385964912281,,,,0.8701298701298701,,,,0.4090909090909091,,,,51.38658353912797,,,,51.96507629612989,,,,52.208107253417566,,,,50.0,,,,0.5372810128974026,,,,0.4627189871025975,,,,3249.890375798157,,,,3015.967279002766,,,,0.4265078020404054,,,,0.5734921979595944,,,,3196.477121871817,,,,3706.5671067184776,,,,0.4764359245733423,,,,0.5235640754266576,,,,3223.294389700964,,,,3378.9568171717387,,,,0.8161492172565307,,,,2.6912498249798853,,,,1.2151807408720727,,,,1.9048946984985544,,,,-1.4111658528074589,,,,-1.814216139171719,,,,-0.2437198318697014,,,,0.0080124871760324,,,,0.7032685154157235,,,,0.9566377799433003,,,,1.6716151573859916,,,,6.575611275281332,,,,1.1964752649206576,,,,1.0771437039721463,,,,1.2096723474973723,,,,1.2948658584987782,,,,1.5364743461384085,,,,1.9897507091292488,,,,2.533155459011521,,,,1.1824105164013057,,,,,,,,,,,,,,,,,,,,,,,,,,,,,,,,,,,,,,,,66.34275668890004,904.6052631578948,32.83962135489815,,,,,,,37.186392118476114,37.521277002106565,0.0363027086977783,0.0411078661964245,898.4375,28.95703125,0.0322304347826086,39.0625,0.8831085642906921,878.90625,933.59375,15.789473684210526,47.368421052631575,800.78125,976.5625,3.8,101.5625,,,0.0187967622205788,0.0779686227735287,0.0046497792670304,0.101415164261138,0.2410811112462101,0.1853446903875077,0.7688063549625,-2.551448805359933,26.5315494069684,38.32550362326128,0.69226877401985,3194.481343694073,1.4445256488938878,4.211370466084864,221.44869196230616,0.5789473684210527,0.5777777777777777,0.7692307692307693,0.2,50.588235294117645,50.58024516292118,50.59645514645601,46.66666666666666,0.4482758620689657,0.5517241379310345,17.76455744073972,19.70800699646535,0.6336552823836228,0.3663447176163775,30.50804654605199,23.19705420781997,0.5735933434849702,0.4264066565150299,24.96317693244808,21.52334620468278,0.689469465649536,0.5945303571699286,0.7540889051517552,0.9867346442345004,-0.4025620943832049,-1.4146694639435258,-0.1086898906387544,0.0001610573938212,0.0247835453467914,0.6302553790395393,1.966112856372833,2.6925406848185123,1.7566325134350238,1.0113885995131673,1.1756181986008694,1.2783158885048391,1.0062167889681155,1.9917523669083816,2.9286788800198367,1.0233140375727616,405.90078571428575,15.703702114372234,395.1818070175438,16.770879647643415,397.3558749999999,15.515278146604969,422.65584,12.222251181120434,15.534267133566782,15.534267133566782,15.534267133566782,15.534267133566782,15.403701850925463,4.927452344106237,3.6493312223269,4.419182432472804,4.339357042003359,9.127734396598573
mid1.csv,37.0,0.1432670651855641,0.9516779817456764,,,,17.843765994926514,0.0,0.0,0.0,4060.1245777027034,,,,3630.8829604656607,,,,463.78523842141465,,,,3512.086938952908,,,,272.0925173052312,,,,3411.103872266882,,,,,,,,,,,,5214.564166354804,,,,5250.136426532879,,,,0.8942787077041082,,,,1.2843360016567045,,,,3066.40625,,,,2837.7890625,,,,0.9254445859872612,,,,4301.7578125,,,,0.6962965349803717,,,,1250.0000000000002,,,,6273.437500000002,,,,95.94594594594594,,,,98.64864864864865,,,,390.625,,,,24804.6875,,,,37.0,,,,484.375,,,,,,,,0.010148673145925,,,,0.0202583361386718,,,,0.0004870146651193,,,,3.372033526621166e-06,,,,0.0308973959832427,,,,41.59697354022864,,,,0.6556648382167528,,,,0.0157623207270754,,,,-7.627216322153714,,,,3712.407069355907,,,,3568.713004723729,,,,1.0402649539041042,,,,41621438.611520536,,,,0.9612935591524157,,,,8.32628719713599,,,,13722.32330361754,,,,0.6486486486486487,,,,0.6712328767123287,,,,0.8979591836734694,,,,0.3333333333333333,,,,51.006859924762125,,,,51.47545533248194,,,,52.69013190617669,,,,46.57534246575342,,,,0.5522435788412463,,,,0.4477564211587534,,,,2759.0751987182853,,,,2484.386217477186,,,,0.4362953934449701,,,,0.56370460655503,,,,2357.229878562811,,,,2679.3991508722675,,,,0.496562530179569,,,,0.5034374698204309,,,,2566.030850610685,,,,2583.7332183572694,,,,0.5219206735989804,,,,2.8506708369480043,,,,1.006569632027668,,,,1.3576013558008886,,,,-1.4142081734676033,,,,-1.1211791299138372,,,,-0.3768599589880944,,,,0.0028745387887699,,,,0.5476384855557996,,,,0.6541762756166065,,,,1.774952350911674,,,,6.128372284547868,,,,1.3905886451166054,,,,1.0372327261235477,,,,1.2957876147007834,,,,1.66875759517876,,,,1.8058986159777923,,,,2.015388664294429,,,,2.263572957937804,,,,1.2586729795193818,,,,,,,,,,,,,,,,,,,,,,,,,,,,,,,,,,,,,,,,70.1329228754176,855.9283088235294,30.964078850513683,,,,,,,33.6578295646613,34.15854324341412,0.0361760191026672,0.0393231877222566,839.84375,28.95703125,0.0344790697674418,39.0625,0.9199665947273116,839.84375,878.90625,5.88235294117647,44.11764705882353,800.78125,937.5,2.6153846153846154,39.0625,,,,0.116090882664055,0.0015192222490261,0.1176101049130812,,,0.987082553406878,-2.1533819233873004,24.15373756287205,36.99647805137388,0.6528658627810949,2807.337316213541,1.5317082068591763,4.155264708477527,226.67123622469904,0.6470588235294118,0.6296296296296297,1.0,0.0909090909090909,47.82608695652174,47.83641315909091,47.81764927567762,48.14814814814815,0.3877551020408163,0.6122448979591837,15.049838874435975,18.9110514951534,0.5861944864320161,0.4138055135679839,28.325738873479786,23.79898958941796,0.5268388659065684,0.4731611340934316,22.680885486186916,21.494415252915907,0.7295030061566562,0.8875883760552679,0.8651955056269149,0.6801977152338594,0.6121922838620728,0.9085013849641692,-0.7084274596015396,7.138158721436725e-05,0.0374737673254588,0.4054815240604346,1.3862943611198906,2.473915669544525,1.294739248628446,0.0,0.0,0.0,0.6947069036842352,1.9419908379194848,3.3168644384847985,1.3466813403309723,424.9874062500001,10.818067597945156,414.8905757575758,12.059291305450555,417.9091212121212,12.044507785853666,439.4526190476192,7.742344233875664,16.448224112056028,16.448224112056028,16.448224112056028,16.448224112056028,16.36118059029515,7.459531721468852,6.368868629616343,6.482640187686617,6.275150681284347,12.903393242182457
mid2.csv,57.0,0.1827225978826026,0.6761521020426735,,,,13.425170098697704,0.0,0.0,0.0,5558.31755050505,,,,5244.570201454951,,,,1891.1757865510265,,,,5280.779605562225,,,,1350.6836357951445,,,,5575.18512041406,,,,,,,,,,,,7396.901006004874,,,,7434.094278600315,,,,0.9435535400417,,,,1.3307805714217895,,,,4785.15625,,,,4430.42578125,,,,0.9258685714285714,,,,6035.15625,,,,0.7090226295035392,,,,1167.96875,,,,8101.562500000001,,,,97.97979797979798,,,,97.97979797979798,,,,390.625,,,,30156.25,,,,49.5,,,,210.9375,,,,,,,,0.015165489712498,,,,0.0024369957309975,,,,2.153159559371711e-05,,,,8.629068748186987e-08,,,,0.0176241033297767,,,,113.1823101725275,,,,0.1382762961267991,,,,0.0012217129683606,,,,-10.745989139082424,,,,5256.698476378399,,,,5195.392152735684,,,,1.0118001340111415,,,,85798811.78338562,,,,0.9883374852260974,,,,8.640451383364201,,,,20539.203259992748,,,,0.6060606060606061,,,,0.6224489795918368,,,,0.8852459016393442,,,,0.25,,,,51.14850096911212,,,,51.98395560416471,,,,50.29155852154782,,,,44.89795918367347,,,,0.4867827370630241,,,,0.5132172629369758,,,,3668.0019977694815,,,,3766.2800298596367,,,,0.5721234393709737,,,,0.4278765606290264,,,,3929.734452967929,,,,3398.424156850405,,,,0.5289477378162056,,,,0.4710522621837942,,,,3801.1216454149458,,,,3587.070672093309,,,,0.4261466391621804,,,,3.923429326965768,,,,1.0264575720906908,,,,1.8150317577886184,,,,-2.551627578255172,,,,-2.251231343991647,,,,-0.2990089485547631,,,,0.0092238285805036,,,,1.203551396606099,,,,0.8492918631649178,,,,1.805004695978076,,,,6.528346519069511,,,,1.3343355781496635,,,,1.1478975230113957,,,,1.3231952264250304,,,,1.4830835018371262,,,,1.5940767048410995,,,,1.971009524483248,,,,2.723839597004904,,,,1.0714111709219571,,,,,,,,,,,,,,,,,,,,,,,,,,,,,,,,,,,,,,,,67.74750115292265,886.0367063492064,42.284808824490014,,,,,,,47.19418379549522,47.57520880540038,0.0477235407082837,0.0532643664278339,898.4375,57.9140625,0.0644608695652173,58.59375,0.8959749999644274,839.84375,917.96875,28.57142857142857,47.61904761904761,800.78125,976.5625,4.846153846153846,117.1875,,,0.0159669907330106,0.0702243003400263,0.003483899012821,0.089675190085858,0.2273713038890873,0.1780536034294806,0.7830961972067324,-2.656060869159635,33.640752762664555,49.66428994517784,0.6773630066955364,5248.7973880092895,1.476313276803266,4.427029918590504,293.280202516292,0.6825396825396826,0.6458333333333334,0.8709677419354839,0.3571428571428571,50.89285714285714,50.94191101983233,50.84336199689439,41.66666666666667,0.4005524861878453,0.5994475138121548,21.29286618618178,26.048336321447984,0.6142685278745874,0.3857314721254125,38.92452872412176,30.845141584432906,0.5470434628502399,0.45295653714976,31.372799419382577,28.547667019206475,0.7969634829340623,1.0925340644297994,0.9627744740713668,1.2603601145249823,-0.5156313527477501,-1.3571697496912472,-0.2276188906668758,0.0003312218304308,0.0785923460810604,0.3653451188208279,1.7917594692280547,3.0472753468806086,1.5669863738091252,0.0,1.2600134108369712,1.5445164509657987,1.1211041926054417,1.9871083210988487,3.0468772654719185,0.9487745910317328,408.8326451612903,12.306647873165522,397.7124838709677,12.507199227157312,400.7051612903226,12.283629146398203,426.5889655172414,10.611481891321564,14.533266633316655,14.533266633316655,14.533266633316655,14.533266633316655,14.359179589794897,4.830532624037206,4.923734769976771,5.059587435049892,4.2702662785439545,7.996246633493001
mid3.csv,37.0,0.330025495330663,0.6466392842524106,,,,10.861292922372762,0.0,0.0,0.0,7241.030092592592,,,,8835.182799976757,,,,2860.8850470606667,,,,6348.099569365913,,,,5308.973219087724,,,,9053.3150415072,,,,,,,,,,,,10735.075167462266,,,,10797.724825906682,,,,1.220155514754033,,,,1.4825342568930906,,,,5761.71875,,,,6660.1171875,,,,1.1559254237288137,,,,9331.0546875,,,,0.8230201151041743,,,,1171.875,,,,11250.0,,,,98.14814814814817,,,,98.14814814814817,,,,429.6875,,,,55019.53125,,,,27.0,,,,312.5,,,,,,,,0.0179060865763218,,,,0.0134215297802927,,,,0.0001357179905884,,,,6.02097388791989e-07,,,,0.0314639364445918,,,,98.89278291032949,,,,0.426568678204906,,,,0.0043134459932399,,,,-8.9049314237246,,,,7635.144445784946,,,,7488.372955059598,,,,1.019599917312636,,,,179619960.47705856,,,,0.9807768547448537,,,,8.961324706454345,,,,29377.69149607911,,,,0.6666666666666666,,,,0.6981132075471698,,,,0.918918918918919,,,,0.4166666666666667,,,,43.6261777438248,,,,49.369565192761584,,,,32.714027282189846,,,,54.71698113207547,,,,0.3232069497017633,,,,0.6767930502982368,,,,4356.79073213142,,,,6304.55300130655,,,,0.2694506120419341,,,,0.7305493879580658,,,,3887.111991988857,,,,6400.475753864274,,,,0.2969499697440856,,,,0.7030500302559145,,,,4128.63567791164,,,,6352.69542879587,,,,0.471779218545988,,,,1.7556464034706307,,,,0.6797941044719422,,,,1.0694663205372448,,,,-0.4436987878508507,,,,-0.6819861954671751,,,,-0.278046299474095,,,,0.0038025803934177,,,,0.2766759744415818,,,,0.6531901274474019,,,,1.38629436111989,,,,5.60673935401532,,,,1.2158150891367157,,,,0.8086717106532696,,,,0.990867306536826,,,,1.1481237233000343,,,,1.3937866332544402,,,,2.016218651693556,,,,1.9647028968665523,,,,1.0657199078080497,,,,,,,,,,,,,,,,,,,,,,,,,,,,,,,,,,,,,,,,65.5473398568566,915.7492897727273,57.17081401659068,,,,,,,53.36399409465161,53.94662209775088,0.0624306397559745,0.0582735850200829,917.96875,57.9140625,0.0630893617021276,78.125,1.071336862739077,871.09375,957.03125,38.63636363636363,63.63636363636363,761.71875,1015.625,4.888888888888889,179.6875,,,0.0021255214060903,0.0423652699016355,0.0089379624814318,0.0534287537891577,0.0501713174736157,0.0397823504264796,0.7929301527192407,-3.161426358488424,38.14602230742771,71.31359863442037,0.5349053061110853,8546.169133938993,1.869489774312179,4.638741593482701,533.2801736658074,0.7727272727272727,0.7894736842105263,0.9666666666666668,0.625,52.57731958762886,52.63842674569705,52.51033308122716,50.0,0.5451713395638629,0.4548286604361371,28.19093111277469,25.749382812327248,0.5439942683889188,0.4560057316110809,52.59803435162265,48.15678698311097,0.5442565004761368,0.4557434995238633,42.19764101617344,38.61416092415126,0.6551166635300346,0.5100051712809218,0.7410891032741884,0.8925217786200184,-0.3011586696997899,-1.30115866969979,-0.2030761963344532,0.0001518268414875,0.0188667270093084,0.2650889266103378,1.6094379124341005,3.285596607461285,1.3758973054079329,0.7489330683884978,0.7489330683884978,0.7489330683884978,1.4772860365975884,1.9176444623523503,2.7181924094615924,0.9926239306613268,412.7448604651162,13.860122043124209,402.1657272727273,15.540661300372404,405.09543181818185,15.318657894864572,427.6763823529413,11.214688981065931,14.92496248124062,14.88144072036018,14.88144072036018,14.88144072036018,14.750875437718856,3.9896755277017695,4.166850790995557,3.5783815210326235,5.176832620219684,6.554771923189621
mid4.csv,55.0,0.1717026117184542,0.9017794823538589,,,,11.47849208991368,0.0,0.0,0.0,6428.485576923077,,,,5994.945380789944,,,,2621.2623610494747,,,,6413.686445778764,,,,499.84361610488605,,,,5846.035736722974,,,,,,,,,,,,7498.936577746081,,,,7557.584691229692,,,,0.9325595132873205,,,,1.1665168239103934,,,,4804.6875,,,,4691.0390625,,,,0.9763463414634146,,,,6875.0,,,,0.7994394029922327,,,,1523.4375,,,,10687.5,,,,98.46153846153848,,,,98.46153846153848,,,,429.6875,,,,26445.3125,,,,32.5,,,,3125.0,,,,,,,,0.0111327553813087,,,,0.0063582125092583,,,,0.0001659991678196,,,,1.0248456831899185e-06,,,,0.01765799190407,,,,38.30267701200093,,,,0.3600756271608019,,,,0.0094007953294748,,,,-8.703527782754716,,,,5344.019384560155,,,,6467.172635565177,,,,0.8263300959636641,,,,108575628.429593,,,,1.2101701304171943,,,,8.742702461675217,,,,31305.51660724968,,,,0.6923076923076923,,,,0.71875,,,,0.9347826086956522,,,,0.3333333333333333,,,,49.13181172873212,,,,51.86728967528197,,,,48.222428625808405,,,,46.875,,,,0.4838497142617294,,,,0.5161502857382706,,,,3717.57414852188,,,,3839.657449732619,,,,0.4874031365697625,,,,0.5125968634302375,,,,4515.00893444161,,,,4630.228527849946,,,,0.4859611568376496,,,,0.5140388431623504,,,,4135.556989562938,,,,4253.350770357571,,,,0.7156747310189759,,,,4.158912288908667,,,,1.4227439869849643,,,,2.441995308169293,,,,-1.9708524485526944,,,,-2.1883034441981906,,,,-0.2549235832882187,,,,0.0317889610852828,,,,2.054827267801898,,,,0.4849864393137135,,,,1.742969305058623,,,,5.960829351489994,,,,1.2950631684706038,,,,0.7823159165446284,,,,1.4080580132089662,,,,1.7112561713249308,,,,1.7611863298034836,,,,1.9822413221634856,,,,3.625982364037833,,,,1.204473562605691,,,,,,,,,,,,,,,,,,,,,,,,,,,,,,,,,,,,,,,,67.61987930924965,887.6329787234042,37.05984579042939,,,,,,,47.92818773454368,48.455895510515504,0.0417513169054725,0.0539955013878304,898.4375,28.95703125,0.0322304347826086,29.296875,0.7732369518265542,859.375,917.96875,34.04255319148936,55.319148936170215,800.78125,976.5625,3.615384615384616,101.5625,,,0.0245906506750032,0.1120753739654801,0.0078455749585495,0.1445115995990329,0.2194117209243243,0.1701638535815347,0.775545868127185,-2.1885836522031257,34.26349230395229,40.367550805483454,0.8487879898648198,4345.241308510507,1.178150506299297,4.3449840095139205,190.23620167817168,0.723404255319149,0.7105263157894737,0.9629629629629628,0.4,50.54945054945053,50.541634235201386,50.55627040042587,50.0,0.5342960288808664,0.4657039711191336,25.046072996967897,23.38318358863017,0.372094995759118,0.6279050042408819,24.62404040968324,31.98743178086629,0.4400203766391691,0.5599796233608307,24.83595315935305,28.017575436457367,0.7746981195967327,1.2707730882583608,0.9940362949274556,1.3082225670917254,-0.3934175328962634,-1.191198314614894,-0.2527597373069386,0.0008119165268647,0.1280425650112793,0.4141257579165693,1.6094379124341005,2.770961221807392,1.750045037744036,0.0,0.6770125502755525,0.8285465011681314,1.0305306065800492,1.9576347668577248,4.129162671626407,1.063644673725505,417.3606222222221,19.03362751820389,406.0796739130436,20.745321785944004,410.11334782608697,19.289931236176248,424.3159375,28.60922432968244,15.09904952476238,15.186093046523265,17.01400700350175,10.65982991495748,16.75287643821911,4.392733049159904,4.416335788500682,4.433553537184295,3.60879583750715,9.357881465571792
mid5.csv,59.0,0.2144900947437119,0.8548514581010995,,,,8.575589886156964,0.0,0.0,0.0,8497.178819444445,,,,7034.015785984349,,,,3531.726938069863,,,,5748.436165901907,,,,2107.5690247564585,,,,6164.53308507044,,,,,,,,,,,,9544.514830489034,,,,9632.127981737063,,,,0.8278060207333898,,,,1.1232569107111088,,,,6894.53125,,,,7022.080078125,,,,1.0185,,,,9804.6875,,,,0.7369694438018853,,,,2160.15625,,,,12574.21875,,,,98.14814814814817,,,,98.14814814814817,,,,664.0625,,,,34882.8125,,,,27.0,,,,914.0625,,,,,,,,0.0185663930312729,,,,0.0029967237267153,,,,2.2630061672176472e-05,,,,9.638034575165065e-08,,,,0.0215858432000062,,,,132.42225187568988,,,,0.1388281985998344,,,,0.0010483751532194,,,,-10.69623137308275,,,,6810.943013142971,,,,7223.6936301468995,,,,0.9428615555785226,,,,154566878.99076578,,,,1.0606010968242503,,,,8.896086547716246,,,,30645.82954902461,,,,0.5370370370370371,,,,0.5660377358490566,,,,0.8,,,,0.0625,,,,48.065556152606135,,,,49.83164548266562,,,,48.85903977132687,,,,49.0566037735849,,,,0.5026152764824694,,,,0.4973847235175306,,,,4830.509765839649,,,,4805.309262580958,,,,0.482861092294044,,,,0.5171389077059559,,,,5019.615188409991,,,,5194.729350265384,,,,0.4921615320738645,,,,0.5078384679261356,,,,4925.970018056773,,,,5003.809055687225,,,,0.7064928787182462,,,,2.2143215128375395,,,,1.0268203726248222,,,,1.318596486482971,,,,-1.0597980052810776,,,,-0.7912328599116254,,,,-0.3682322724290149,,,,0.001341147184262,,,,0.2931062562230882,,,,0.5687212511673465,,,,2.047692843365256,,,,5.569702316978283,,,,1.507149407928553,,,,0.8879425600353825,,,,0.7358931444948209,,,,0.7409958938098528,,,,1.802870137177268,,,,2.001593070759805,,,,4.150124548693866,,,,1.1722918985888546,,,,,,,,,,,,,,,,,,,,,,,,,,,,,,,,,,,,,,,,67.29255732787604,892.1727594339623,44.9600043463836,,,,,,,54.775962963143456,55.30907492247586,0.0503938322157565,0.0613961392386559,898.4375,57.9140625,0.0644608695652173,58.59375,0.820798063863074,847.65625,937.5,35.84905660377358,58.490566037735846,800.78125,1015.625,5.888888888888889,101.5625,,,0.0144386527606039,0.0779344257311695,0.026376068544851,0.1187491470366244,0.1852666857443621,0.1215895281854172,0.6562946149594917,-2.551887501629642,39.1094219388375,50.87461120438134,0.768741441221459,6250.753501314845,1.3008274907244397,4.502902482784039,264.7163713383074,0.6981132075471698,0.6976744186046512,0.9,0.3636363636363636,49.55752212389381,49.57319715582295,49.5425201815619,41.86046511627907,0.4254278728606356,0.5745721271393642,25.509654539492782,29.64584845818652,0.6033233689088582,0.396676631091142,39.5162911867036,32.04198489551815,0.5372421286686417,0.4627578713313585,33.25868115151752,30.86717614919101,0.6628287876145322,0.813116208728628,0.7856211642406618,1.0225869749835867,-0.1787193308056709,-1.085119496815152,-0.2085707944336271,0.0001990010345444,0.0444170659488752,0.4302641043976334,2.9444389791664407,3.1307744075491506,1.6752093711835017,0.0,0.0,0.0,1.2467510536331974,2.0021301702311725,3.89049224618764,0.9726657375673357,407.624,11.99656045768181,396.592462962963,12.170684655736052,399.7752777777778,12.288566886604118,426.010568627451,9.90361765998134,14.446223111555778,14.446223111555778,14.446223111555778,14.402701350675338,14.402701350675338,4.172292798934718,4.84748297125153,4.111073946974916,3.296911116011636,6.632282623229489
mid6.csv,35.0,0.2324043658626277,0.9277246352387648,,,,15.95651538893327,0.0,0.0,0.0,4603.259154040404,,,,3903.803489352301,,,,1066.0646579073384,,,,4022.391833808916,,,,1008.2558701159712,,,,3936.9587211286535,,,,,,,,,,,,5455.519082691868,,,,5483.567272160395,,,,0.8480520776080636,,,,1.1851427217395338,,,,3613.28125,,,,3243.1875,,,,0.8975740540540541,,,,4794.921875,,,,0.7155695782895296,,,,1484.375,,,,7054.687500000002,,,,98.989898989899,,,,98.989898989899,,,,371.09375,,,,20859.375,,,,24.75,,,,1117.1875,,,,,,,,0.0226115286589595,,,,0.0045322476450374,,,,4.9048931904866136e-05,,,,9.921867618128045e-07,,,,0.0271938174226636,,,,92.40257573453452,,,,0.1666646346334662,,,,0.0018036795328333,,,,-9.922692147829828,,,,3877.4676032372336,,,,3946.5808226512713,,,,0.9824878236327088,,,,48074973.31249059,,,,1.017824318984983,,,,8.388889161785647,,,,16067.703752536896,,,,0.6363636363636364,,,,0.6530612244897959,,,,0.890625,,,,0.2307692307692307,,,,50.03772161448511,,,,50.50408688964778,,,,48.218885066192826,,,,50.0,,,,0.4454802128361924,,,,0.5545197871638076,,,,2587.989210155374,,,,2887.39882919422,,,,0.5773442188599971,,,,0.4226557811400028,,,,2998.7372326342515,,,,2565.750416414632,,,,0.5125769257683599,,,,0.4874230742316401,,,,2800.902813582396,,,,2731.313529985528,,,,0.6351114398108246,,,,1.0410599287823648,,,,0.8622404795645469,,,,0.7764388228695788,,,,0.5603441622955092,,,,0.515464665099888,,,,-0.5824175960699234,,,,0.0003516407636174,,,,0.0714155521763963,,,,0.7403937158133376,,,,1.911718784307034,,,,6.270672024076307,,,,1.5784749549579802,,,,1.2535592744122916,,,,1.4071376094146997,,,,1.5565011788630003,,,,1.6984222329637997,,,,2.025143844114632,,,,3.0113604722525147,,,,1.2053375672872018,,,,,,,,,,,,,,,,,,,,,,,,,,,,,,,,,,,,,,,,67.56745165606146,888.671875,60.84817406647685,,,,,,,89.25236952850163,90.13300622990693,0.0684709123561233,0.1004334356013029,898.4375,57.9140625,0.0644608695652173,83.0078125,0.6817541583256872,839.84375,937.5,46.15384615384615,65.38461538461539,742.1875,1015.625,6.5,156.25,,,0.0163002154934973,0.1011097001250999,0.0335754429017484,0.1509853585203457,0.1612131721618161,0.1079589150447381,0.6696655961609358,-2.291549211711533,63.73365991389652,58.65626770986498,1.0865618015306762,11744.4628027685,0.9203342125512478,4.776803266696623,215.93347981581508,0.7307692307692307,0.7608695652173914,0.9428571428571428,0.2727272727272727,49.11242603550296,49.074464013737625,49.149727241481344,56.52173913043478,0.5136150234741784,0.4863849765258216,45.67974829502539,44.452369831019695,0.3623258555998598,0.6376741444001401,35.307265930464595,46.83967030377991,0.4442421690696356,0.5557578309303645,40.824272386543655,45.661624466068616,0.4254607475487668,1.6317987435403276,0.7518880971139998,0.8752878436963708,-0.3669984657675496,-0.5312105068119755,-0.4243780845702549,0.000691646786235,0.1694032842074839,0.2991779290298111,2.639057329615259,3.4752600861146865,1.464755526816793,0.9607575334852988,0.0,0.0,1.4382024466546404,2.0234789557920845,4.4610464447970095,1.0962384073348252,417.6958139534884,15.044051630254357,409.4909148936171,18.362941540921767,409.8450909090909,16.02459071498067,432.9422222222223,11.71872994187584,14.5767883941971,14.5767883941971,14.62031015507754,14.5767883941971,14.750875437718856,4.56793404022242,4.601151084690786,4.635582186169795,5.241935544994191,5.595711961446069
high1.csv,43.0,0.1647480594215065,0.9030757017733432,,,,13.11807078854666,0.0,0.0,0.0,5562.825520833333,,,,4764.18869082964,,,,1983.8211340665923,,,,4872.7147252477735,,,,1373.6264190569937,,,,4757.1863715641775,,,,,,,,,,,,7009.808335153721,,,,7069.915608885565,,,,0.8564332411626576,,,,1.260116519725685,,,,4960.9375,,,,4314.59765625,,,,0.8697141732283464,,,,5927.734375,,,,0.6796460706261471,,,,1457.03125,,,,7984.375000000002,,,,98.33333333333331,,,,98.33333333333331,,,,449.21875,,,,22128.90625,,,,30.0,,,,375.0,,,,,,,,0.0219355757789409,,,,0.0117365226937085,,,,8.440323611848548e-05,,,,3.210397898420453e-07,,,,0.0337568227485578,,,,139.052994096492,,,,0.3476785354217016,,,,0.0025003311700029,,,,-9.37990481446134,,,,4999.185269459603,,,,4598.446492598505,,,,1.0871465564525131,,,,72220458.63483855,,,,0.9198391827345864,,,,8.565630352041344,,,,16919.32505440214,,,,0.65,,,,0.6779661016949152,,,,0.925,,,,0.2857142857142857,,,,49.69615124915597,,,,48.7201799170435,,,,50.66147002937551,,,,52.54237288135594,,,,0.5252579134602379,,,,0.4747420865397621,,,,3623.176215712264,,,,3444.5462610804334,,,,0.4393036431305838,,,,0.5606963568694162,,,,3047.8496523631047,,,,3443.301125646956,,,,0.4858638457500397,,,,0.5141361542499602,,,,3347.894367622203,,,,3443.923749635348,,,,0.6921139782063861,,,,2.1329379049301647,,,,1.0540613102405456,,,,1.2465555013691842,,,,-0.7709212977962459,,,,-0.5172793858537126,,,,-0.4097516197336549,,,,0.0011579303412903,,,,0.2780173419963501,,,,0.4861695582316105,,,,1.845826690498331,,,,5.806890595608518,,,,1.4450316328831103,,,,1.0609304908241757,,,,1.1318754330245762,,,,1.1412487617324447,,,,1.803939255474662,,,,1.9791704461364104,,,,3.629432833938312,,,,1.3782744723086544,,,,,,,,,,,,,,,,,,,,,,,,,,,,,,,,,,,,,,,,70.13230206712193,855.869391025641,38.77147833747134,,,,,,,54.04863561004631,54.75185849901409,0.0453006951107447,0.0631505650006673,859.375,28.95703125,0.0336954545454545,39.0625,0.7173442567024704,832.03125,886.71875,30.76923076923077,58.97435897435898,761.71875,937.5,4.333333333333333,78.125,,,,0.1182364842717237,0.0540223776849952,0.172258861956719,,,0.6863883978371536,-2.13506855605614,38.71541042721916,38.7854265987616,0.9981947814506008,4717.395766020365,1.0018084832569207,4.380672422880944,155.42227757351196,0.7692307692307693,0.787878787878788,1.0,0.625,51.80722891566265,51.8511440737945,51.76305995296708,54.54545454545454,0.5670103092783506,0.4329896907216494,29.16460852314457,25.485869308642968,0.4146202258283458,0.5853797741716542,24.97432818918905,29.674774606500403,0.4907086144493847,0.509291385550615,27.150427794139816,27.65973411263954,0.5771291742534317,1.4029474175044538,0.8996531990723302,0.9693244238190056,0.0391785053257045,-0.2725754049762412,-0.450339389860665,0.0008367782593183,0.1449721062094648,0.2050040396367469,2.079441541679836,2.8486632835545893,1.5257872739726224,0.0,0.0,0.0,1.2030830034887647,1.9832709604230483,3.123314604178389,1.2197082043528265,411.2643783783784,14.78795724312176,401.6922820512821,17.386976194176416,404.99753846153845,17.325842395394783,428.20736363636365,11.50999689550068,16.056528264132066,16.100050025012504,16.100050025012504,16.187093546773387,16.100050025012504,6.124472018807622,6.296562789674007,8.20462251173121,6.263888591217468,8.840736201087623
high2.csv,53.0,0.0786164634757249,0.98006562746634,,,0.6682898861494235,15.254580562732842,0.0,0.0,0.0,5031.383547008547,,,,4635.690864721837,,,,1816.4548893097904,,,,4710.080811433862,,,,1794.1675375529426,,,,4577.489053451498,,,,,,,,,,,,6690.439938304229,,,,6719.148796867933,,,,0.921355094758782,,,,1.329741586145244,,,,3222.65625,,,,3416.9296875,,,,1.0602836363636363,,,,6191.40625,,,,0.6928828159986155,,,,1234.3750000000002,,,,8375.000000000002,,,,97.43589743589745,,,,98.29059829059828,,,,371.09375,,,,20937.5,,,,39.0,,,,4125.0,,,,,,,,0.0188063800985783,,,,0.0157682229074403,,,,0.0001392064034363,,,,2.5816217025514487e-06,,,,0.0347163910311576,,,,113.27225269953333,,,,0.4542010974956619,,,,0.0040098178209669,,,,-8.879552809423773,,,,4751.155678066747,,,,4530.518844409441,,,,1.0487001249160606,,,,67623411.23070164,,,,0.953561438814591,,,,8.537067184721966,,,,17280.51227140674,,,,0.7692307692307693,,,,0.782608695652174,,,,0.9777777777777776,,,,0.5,,,,50.62899230869508,,,,51.298891939252215,,,,49.09614187712839,,,,47.82608695652174,,,,0.4624849943503821,,,,0.537515005649618,,,,3231.2352357308446,,,,3483.493859375121,,,,0.5985404827739583,,,,0.4014595172260415,,,,3505.053941310424,,,,2870.574483975868,,,,0.5272771559728919,,,,0.4727228440271078,,,,3370.9260063166844,,,,3191.7806422401195,,,,0.703098659472857,,,,1.9732470340590087,,,,0.8153341484200833,,,,1.668647425407081,,,,-1.6063052542765508,,,,-2.5641557520859903,,,,-0.0675588194187144,,,,0.0035055286413948,,,,0.3648750857556649,,,,0.8606970649641141,,,,1.7076763520175136,,,,6.669426471683173,,,,1.3510889466913256,,,,1.24531107132951,,,,1.481434844534834,,,,1.5647098110551887,,,,1.6648386925496177,,,,1.9994332382542832,,,,3.626850851617449,,,,0.9982581216488708,,,,,,,,,,,,,,,,,,,,,,,,,,,,,,,,,,,,,,,,70.48442294329195,851.6199448529412,34.76534755268049,,,,,,,46.207053067127326,46.55486399789567,0.0408226084449957,0.0542578333755516,859.375,28.95703125,0.0336954545454545,58.59375,0.7523818388109518,820.3125,878.90625,30.88235294117647,55.88235294117647,781.25,937.5,4.533333333333333,78.125,,,0.0412253522130472,0.1020347082469411,0.0209554346555317,0.1642154951155201,0.404032636750183,0.2510442280982474,0.6213464093334379,-2.2824422466481358,32.91926003012949,36.9749760335637,0.8903118693098633,3823.91155125446,1.1232019188682307,4.289477948260841,166.12145612402236,0.6617647058823529,0.6896551724137931,0.975,0.15,49.6124031007752,49.60429244389547,49.62084249167472,50.0,0.512,0.4879999999999999,23.555573795137786,22.996864074908768,0.4593797324583544,0.5406202675416456,25.06073570699957,27.18654774896081,0.4826472606958694,0.5173527393041304,24.319801921420588,25.179000534039822,0.6348803488641243,0.643002438373069,0.6880152884343611,0.7961035942779258,0.0335618340098822,-0.5126676452258372,-0.3319006283754526,2.196432629875464e-05,0.0160024668451319,0.6191620524218919,2.079441541679836,2.8177478992569824,1.7909809479933283,1.288033714092489,1.0252188746749795,1.2185899939372744,0.950771621291258,1.998107315197858,5.750600139210893,1.1637796608272708,408.8920441176471,24.77732692487572,398.4087536231884,25.316501792255373,401.4374492753623,25.158885542779387,427.733921875,24.7824087959236,9.267133566783391,9.267133566783391,9.267133566783391,9.267133566783391,16.100050025012504,4.16718642810446,3.735803404095272,3.735803404095272,3.787048546649207,9.063058944592331
high3.csv,77.0,0.169765553265887,0.934771492049628,,,,13.33821738627323,0.0,0.0,0.0,5472.320228494624,,,,4774.319426037744,,,,1674.7373873410656,,,,4596.171995568884,,,,1445.8726200494843,,,,4477.797528923931,,,,,,,,,,,,6846.606459909723,,,,6883.587555806695,,,,0.8724488382784404,,,,1.2511341029092429,,,,4511.71875,,,,4198.76953125,,,,0.9306363636363636,,,,5761.71875,,,,0.6973263987047821,,,,1261.7187500000002,,,,8804.6875,,,,96.7741935483871,,,,96.7741935483871,,,,449.21875,,,,25449.21875,,,,31.0,,,,390.625,,,,,,,,0.0149133467591283,,,,0.0124787182439803,,,,7.830920246156131e-05,,,,1.2591110926249284e-06,,,,0.0274716333166629,,,,159.3518750252329,,,,0.4542401283585644,,,,0.0028505477471578,,,,-9.454845433628703,,,,4867.431439602245,,,,4695.913425024926,,,,1.036524952454039,,,,71807498.39927697,,,,0.964762109809741,,,,8.563139907176163,,,,18121.757373643737,,,,0.6774193548387096,,,,0.6956521739130435,,,,0.90625,,,,0.391304347826087,,,,49.10339905433133,,,,49.27808303796765,,,,48.8942956005315,,,,48.91304347826087,,,,0.48049969191185,,,,0.5195003080881497,,,,3374.272418283071,,,,3508.54046651826,,,,0.5337221802072257,,,,0.4662778197927743,,,,3430.660224265753,,,,3206.5828105586475,,,,0.5061546359968379,,,,0.4938453640031621,,,,3402.583131030382,,,,3360.954442280225,,,,0.6301692104013683,,,,2.259466994231216,,,,1.1232717961904912,,,,1.445465028572804,,,,-0.4302512403603238,,,,-0.7465922390273327,,,,-0.3574029922964468,,,,0.0049457476892218,,,,0.4956494892873688,,,,0.6854726658524446,,,,1.835244581167793,,,,6.329376284179785,,,,1.2309024929646248,,,,1.484905692371001,,,,1.1466085525847898,,,,1.3609407947945702,,,,1.6384202878511938,,,,1.9721183165451297,,,,3.7957468551378097,,,,1.265643640859619,,,,,,,,,,,,,,,,,,,,,,,,,,,,,,,,,,,,,,,,67.64551782989662,887.3248922413793,42.683097328433085,,,,,,,54.81706534554352,55.294612751746456,0.0481031217557931,0.0617778964896114,898.4375,57.9140625,0.0644608695652173,39.0625,0.7786461580782728,839.84375,917.96875,37.93103448275862,58.620689655172406,800.78125,996.09375,3.411764705882353,101.5625,,,0.0151222811042724,0.0858691285146984,0.0092976239426871,0.110289033561658,0.1761084730431839,0.1371150024251343,0.778582654518344,-2.454930903240609,39.09919563984406,46.22557849758682,0.8458346420020513,5678.060957863374,1.1822641806595278,4.46117016062461,218.6033827518486,0.7241379310344828,0.74,0.918918918918919,0.4545454545454545,48.81889763779528,48.81585858245568,48.82192965141488,48.0,0.4097995545657014,0.5902004454342986,25.033982205533427,30.043046131916896,0.5846233663016602,0.4153766336983399,35.34438584014123,29.79225565511588,0.5116967642812473,0.4883032357187529,30.626180593437866,29.917913679802865,0.6057687705849714,0.5748399463324034,0.7358788193720415,0.6095368748328007,0.8837774497440951,0.5959611054366865,-0.7197862993783369,9.382009530142718e-05,0.0216811543337985,0.4710693137720803,2.602689685444384,2.9432482413939063,1.7053842844366571,0.8239592165010823,0.0,0.0,1.1467092749498493,1.9977436633145904,5.001906216495112,1.4139954126170002,420.5317291666667,13.011618914678373,413.88449090909097,17.089047903552654,416.196037037037,16.449795585764683,434.6534857142858,9.65157945437334,17.275137568784395,17.318659329664833,17.318659329664833,17.318659329664833,17.275137568784395,5.312835789338093,4.563867198299286,4.693180807435597,4.424485817412973,9.13874398805221
high4.csv,65.0,0.1221443186245096,0.9589679499122886,,,,17.545208430193558,0.0,0.0,0.0,4363.239247311828,,,,4100.5707949086445,,,,792.3115514739396,,,,4225.88095322009,,,,384.11895997535646,,,,4308.456049327217,,,,,,,,,,,,6081.84502098059,,,,6113.596194246418,,,,0.939799667743406,,,,1.3938830021130717,,,,2988.28125,,,,2866.74609375,,,,0.959329411764706,,,,4687.5,,,,0.6742313855027335,,,,1121.0937500000002,,,,6781.250000000002,,,,98.9247311827957,,,,98.9247311827957,,,,429.6875,,,,17304.6875,,,,46.5,,,,0.0,,,,,,,,0.0219180892622014,,,,0.0143113077689574,,,,0.0002195739176977,,,,3.6635120038726106e-06,,,,0.0364526344608605,,,,65.1776309272631,,,,0.3926000954560253,,,,0.0060235404366593,,,,-8.423821627250987,,,,4322.965326387911,,,,3726.0513117292776,,,,1.1602001595575455,,,,50603488.37436802,,,,0.8619202400225149,,,,8.41115056612016,,,,12846.236163767622,,,,0.6666666666666666,,,,0.6847826086956522,,,,0.9047619047619048,,,,0.1739130434782608,,,,48.47360510990044,,,,50.565658863608135,,,,47.07513479937532,,,,47.82608695652174,,,,0.4622865495830481,,,,0.5377134504169521,,,,2940.012640528437,,,,3170.801236516348,,,,0.5668313752871887,,,,0.4331686247128111,,,,2805.277135318331,,,,2452.3210580386176,,,,0.5068351728296752,,,,0.4931648271703249,,,,2873.4347158415494,,,,2834.418728169256,,,,0.4602317143695738,,,,1.9362647015709815,,,,0.8387334489285927,,,,1.0575167356765374,,,,-0.5925993771408606,,,,-0.7123877667557419,,,,-0.3870075529598636,,,,0.0014595732939368,,,,0.263305719842138,,,,0.8219421738123991,,,,1.9771626925594172,,,,6.367115800355344,,,,1.5047760766626053,,,,1.2562200345618202,,,,1.296413897699917,,,,1.449116038028607,,,,1.6512498933445472,,,,2.0476387447794453,,,,3.733490958684073,,,,1.0547030340496826,,,,,,,,,,,,,,,,,,,,,,,,,,,,,,,,,,,,,,,,70.84308640733823,848.7955729166666,44.85738702979529,,,,,,,62.54673286076461,63.02167499670507,0.0528482810951222,0.0736888066532191,839.84375,28.95703125,0.0344790697674418,58.59375,0.7171819370590051,820.3125,878.90625,39.58333333333333,54.16666666666666,742.1875,976.5625,4.0,78.125,,,0.007559351341958,0.1078030337612036,0.051879641596145,0.1672420266993067,0.0701218794890583,0.0452000701686626,0.6445929643930256,-2.227449478405982,44.56305375190484,38.87459503022534,1.1463284367916031,5442.4029636176665,0.8723503386157341,4.442760804406006,135.64906455266646,0.8125,0.8421052631578947,1.0,0.5714285714285714,55.55555555555557,55.56352878301802,55.56825224910026,50.0,0.5477178423236516,0.4522821576763484,33.08552944765312,30.065219033798368,0.6217162872154115,0.3782837127845884,30.652224680527624,23.90973151038032,0.5795797305449427,0.4204202694550573,31.89209256772805,27.162406524908143,0.4428539804817512,1.0895376122416245,0.6189064692393553,0.5028224756355621,0.257025713652526,0.4754302356125162,-0.6065442737354986,9.041063275064485e-05,0.054727630997863,0.4158683631351287,1.7227665977411035,2.956733794087383,1.6456502831643085,1.037096044678561,0.743882391559118,0.8568786724948823,1.1917593090911711,2.0021705136552708,2.3292963706937124,1.2798872397485983,410.32935555555554,12.122846407883578,398.6540888888889,12.0273628416803,401.69228888888887,12.103095673095329,425.9811282051283,7.983295730909209,17.405702851425712,17.36218109054527,17.36218109054527,17.36218109054527,17.275137568784395,5.550521145953709,6.416518734191139,6.551885705854106,5.188312858998158,8.063242090863515
high5.csv,20.0,0.1037479747699806,0.9484933553398048,,,,16.349536736676768,0.0,0.0,0.0,4427.134596456693,,,,3472.731343664017,,,,1360.8341357494369,,,,3579.5905800564583,,,,997.288130510888,,,,3503.373113639941,,,,,,,,,,,,5147.029233971852,,,,5167.574754362136,,,,0.7844196439031822,,,,1.1626096116642433,,,,3496.09375,,,,3185.2734375,,,,0.9110949720670392,,,,5019.53125,,,,0.6747059683949347,,,,1468.75,,,,7121.09375,,,,97.63779527559056,,,,98.4251968503937,,,,488.28125,,,,17167.96875,,,,31.75,,,,1000.0,,,,,,,,0.0177399160994105,,,,0.0238947325704729,,,,0.0004546484168895,,,,1.875232413329435e-06,,,,0.0420911723191864,,,,52.556506704559496,,,,0.567689880179009,,,,0.0108015147081638,,,,-7.695986147840537,,,,3654.027151097873,,,,3309.036583891037,,,,1.1042571027731485,,,,37985969.16506871,,,,0.9055862058651696,,,,8.286593321330551,,,,11986.471540299704,,,,0.6850393700787402,,,,0.6984126984126984,,,,0.8977272727272727,,,,0.3214285714285714,,,,50.05194182515583,,,,48.59739558515541,,,,50.59113835134508,,,,55.55555555555556,,,,0.5200508187361462,,,,0.4799491812638538,,,,2635.086010681892,,,,2531.4510312724733,,,,0.4176827045786949,,,,0.5823172954213051,,,,2138.576621130688,,,,2525.116462479011,,,,0.4739262673971442,,,,0.5260737326028558,,,,2399.707091306995,,,,2528.28573076828,,,,0.590387949623301,,,,2.193145670296396,,,,0.9664547936693536,,,,1.3485380608987754,,,,-0.9907004071675444,,,,-1.1969352934108155,,,,-0.3257829963580191,,,,0.0022217424221717,,,,0.3550966724768044,,,,0.887181043968714,,,,2.229381688970751,,,,6.683528092266946,,,,1.491336093348104,,,,1.7419645324036774,,,,1.3010042462400266,,,,1.4964459622323472,,,,1.7849062164126677,,,,2.0098101647325084,,,,4.219099097901079,,,,1.1556092789150825,,,,,,,,,,,,,,,,,,,,,,,,,,,,,,,,,,,,,,,,69.82954010598283,860.29052734375,42.11039642821595,,,,,,,56.27436572695627,56.71862800859029,0.0489490411550117,0.0654132109308585,859.375,28.95703125,0.0336954545454545,39.0625,0.7483051276408156,839.84375,898.4375,31.25,56.25,722.65625,957.03125,4.266666666666667,117.1875,,,0.0289592239544408,0.0974139653690855,0.0178887710855636,0.14426196040909,0.2972800033826681,0.2007405408350192,0.675257462832506,-2.3287856969990206,40.10612648447144,44.310347640727386,0.9051187503572714,5582.975848961895,1.104827404807686,4.453835859129565,195.82114556012485,0.734375,0.74,0.945945945945946,0.4285714285714285,51.12781954887219,51.13951435843615,51.11175561172142,44.0,0.4894837476099427,0.5105162523900575,28.063328441683577,28.65991032111607,0.5145949396471682,0.4854050603528317,31.786148859947865,30.871469817541072,0.5032851720728481,0.4967148279271521,29.98257546119555,29.78622255598857,0.5249582731601053,0.8429217568618981,0.6296555685694449,0.6904588699943535,-0.0220512779906751,-0.3524309718860925,-0.4278660196750973,1.132017724677554e-05,0.0278521875719309,0.5167709169275105,1.7917594692280547,2.992646183324014,1.5226410725539974,0.0,1.2688874965901065,1.3914229708976829,1.2268812059182184,2.0283656592418136,3.4563689209564963,1.3125,419.1191428571428,15.917688913178782,407.6447142857143,16.01135334102725,410.5743928571428,16.041128860880626,433.86588372093024,13.217112269853844,15.360180090045024,15.360180090045024,15.360180090045024,15.360180090045024,15.229614807403705,5.14217977579386,5.033055027311342,5.799043010341999,5.224272213101876,7.715885154726593
high6.csv,46.0,0.1523909292993864,0.9890329409325476,,,,16.50644440495199,0.0,0.0,0.0,4572.550455729167,,,,4522.578361024506,,,,853.5203926897373,,,,4635.684381763729,,,,788.3260642852189,,,,4456.957668993102,,,,,,,,,,,,6506.861351047505,,,,6541.290775294252,,,,0.9890712863229212,,,,1.423026692443546,,,,2832.03125,,,,2736.439453125,,,,0.9662462068965516,,,,4599.609375,,,,0.6950475993001511,,,,1113.28125,,,,7636.71875,,,,98.95833333333334,,,,98.95833333333334,,,,449.21875,,,,26484.375,,,,32.0,,,,39.0625,,,,,,,,0.0152545530084492,,,,0.0058278368870436,,,,0.0001542726006985,,,,9.174854857915168e-07,,,,0.0212375799816772,,,,37.77622766877327,,,,0.2744115333324974,,,,0.0072641327699147,,,,-8.776789385985758,,,,4625.391064923574,,,,4455.112335404938,,,,1.038220973277245,,,,64737658.75281241,,,,0.9631860901859872,,,,8.518127098986945,,,,17164.40892671218,,,,0.6666666666666666,,,,0.6842105263157895,,,,0.8923076923076924,,,,0.2083333333333333,,,,50.36528474606109,,,,51.27903821559261,,,,50.06739460445859,,,,47.368421052631575,,,,0.4956027249543105,,,,0.5043972750456893,,,,3256.2764897532625,,,,3285.041018199391,,,,0.5618505086080994,,,,0.4381494913919005,,,,3339.404656315851,,,,2948.966337965432,,,,0.5274843118068305,,,,0.4725156881931698,,,,3298.1024875179223,,,,3121.529829563202,,,,0.5361081991880108,,,,1.7775296203915032,,,,0.882501412956396,,,,1.045801943840153,,,,-0.4211743004561228,,,,-0.5222320985709541,,,,-0.4081306274672432,,,,0.0010774999941082,,,,0.2132247377606245,,,,0.9413984205677974,,,,1.9399399820688092,,,,6.360902344426084,,,,1.4635529047516331,,,,1.1962923153685217,,,,1.173861316890216,,,,1.3091698974145771,,,,1.4962422024805424,,,,1.9920516408443345,,,,2.7173703328693564,,,,1.0289003907376806,,,,,,,,,,,,,,,,,,,,,,,,,,,,,,,,,,,,,,,,68.27768541333789,879.296875,44.55383143443314,,,,,,,61.44730899984721,62.07232869716525,0.0506698393923362,0.06988232387366,888.671875,43.435546875,0.048876923076923,73.2421875,0.7250737609118721,839.84375,917.96875,38.0,56.00000000000001,761.71875,976.5625,4.166666666666667,140.625,,,0.007024778607308,0.1173489189932026,0.0162849497669621,0.1406586473674728,0.0598623205699485,0.0499420315692051,0.8342815830343286,-2.1426035685451508,43.89176454580588,45.302826119222985,0.9688526810732816,6246.808734480884,1.032148663605094,4.502628318832229,187.0370057459598,0.74,0.7560975609756098,0.967741935483871,0.4,51.30434782608696,51.39510925774883,51.21449084236256,48.78048780487805,0.4350515463917525,0.5649484536082474,28.95580546005403,32.99663888787971,0.6131561206749178,0.3868438793250822,35.47405453273362,28.176896731137617,0.5269039003533678,0.4730960996466322,32.379370089857005,30.681555430700783,0.3720985862811949,1.8481467290022024,0.6902521365477366,0.829984256308836,-0.5823046438551565,-0.4263315691178551,-0.4243933841570363,0.0006654547047791,0.1968101826610595,0.3000893628184204,1.791759469228055,3.0570148112524405,1.6488253022716035,0.8502993454155389,0.0,0.0,1.3416512619624348,1.9608570048845693,3.1735513392897365,1.354525485545934,410.8534047619048,16.78967544151482,401.89936363636366,18.74704426895915,404.8291136363637,18.693673764886235,430.8692105263158,7.424436013164461,16.66583291645823,16.66583291645823,16.70935467733867,16.66583291645823,16.404702351175587,4.671400626220784,3.390278719665172,3.390278719665172,5.234326754839819,7.884702755932345
